{
  "data": [
    {
      "id": 1,
      "name": "Dhoni",
      "age": "20",
      "nick": "Mahi",
      "employee": true,
      "joining": "24/02/23",
      "department": "Developer"
    },
    {
      "id": "acca8422-9cab-447f-92c9-fc16b0518a15",
      "name": "Virat",
      "age": "33",
      "nick": "Chiku",
      "employee": false,
      "joining": "24/02/23",
      "department": "Hr"
    },
    {
      "id": "dbcb3679-38a6-4737-8808-6101c5a51bf9",
      "name": "rohit",
      "age": 0,
      "nick": "kkd",
      "employee": "false",
      "joining": "24/02/23",
      "departmen": "Hr"
    },
    {
      "id": "96f64ddf-6393-41e4-966b-b19a853c1705",
      "name": "prateek",
      "age": "20",
      "nick": "master ji",
      "employee": "false",
      "joining": "24/02/23",
      "department": "Hr"
    },
    {
      "id": "236c8d33-70c5-4656-9de2-5c0ead4ffccd",
      "name": "",
      "age": 0,
      "nick": "",
      "employee": false,
      "joining": "24/02/23",
      "department": "Hr"
    },
    {
      "id": "da46765e-716e-4452-b3ef-c676a9d676e7",
      "name": "",
      "age": 0,
      "nick": "",
      "employee": false,
      "joining": "24/02/23",
      "department": "Hr"
    },
    {
      "id": "971c7ed3-ae68-4cee-b3ff-8e1a7ef09a2d",
      "name": "",
      "age": 0,
      "nick": "",
      "employee": false,
      "joining": "24/02/23",
      "department": "Hr"
    },
    {
      "id": "c7397147-a361-4ea5-9f78-9faec9b8dbb4",
      "name": "",
      "age": 0,
      "nick": "",
      "employee": false,
      "joining": "24/02/23",
      "department": "Hr"
    },
    {
      "id": "b7d498ac-7b51-4716-ba65-c8974d2d6c7c",
      "name": "",
      "age": 0,
      "nick": "",
      "employee": false,
      "joining": "24/02/23",
      "department": "Hr"
    },
    {
      "id": "93a60d4b-2e8d-429b-953b-e2cf290c3a63",
      "name": "",
      "age": 0,
      "nick": "",
      "employee": false,
      "joining": "24/02/23",
      "department": ""
    },
    {
      "id": "6a5d66e1-2e7d-4cab-a03a-b470e59efaf8",
      "name": "",
      "age": 0,
      "nick": "",
      "employee": false,
      "joining": "24/02/23",
      "department": ""
    },
    {
      "id": "bb35702a-1578-4e52-9c69-801fb812ed78",
      "name": "",
      "age": 0,
      "nick": "",
      "employee": false,
      "joining": "24/02/23",
      "department": "CEO"
    },
    {
      "id": "1e572f12-5a11-4ed7-b679-ae336becb547",
      "name": "",
      "age": 0,
      "nick": "",
      "employee": false,
      "joining": "2023-03-10",
      "department": ""
    },
    {
      "id": "3c859c7e-4a8b-489f-97dc-58cc529fee0a",
      "name": "rajiv",
      "age": 0,
      "nick": "",
      "employee": "false",
      "joining": "",
      "department": ""
    }
  ],
  "descr": [
    {
      "id": 1,
      "depart": "Hr",
      "descr": "Take care of everyone"
    }
  ]
}